,City,Country,Date,Lat,Lng,Humidity,Cloudiness,Max Temp,Wind Speed
0,lima,PE,2020-05-15,-12.04,-77.03,88,90,291.15,3.6
1,fortuna,US,2020-05-15,40.6,-124.16,93,1,284.26,0.99
2,kapaa,US,2020-05-15,22.08,-159.32,78,1,297.15,2.1
3,jamestown,US,2020-05-15,42.1,-79.24,100,90,288.15,4.6
4,butaritari,KI,2020-05-15,3.07,172.79,70,9,301.74,2.3
5,mataura,NZ,2020-05-15,-46.19,168.86,87,0,279.67,1.16
6,carnarvon,AU,2020-05-15,-24.87,113.63,24,0,300.47,3.58
7,ushuaia,AR,2020-05-15,-54.8,-68.3,74,50,276.15,2.6
8,punta arenas,CL,2020-05-15,-53.15,-70.92,93,40,276.15,3.6
9,hilo,US,2020-05-15,19.73,-155.09,65,90,299.15,1.5
10,tuktoyaktuk,CA,2020-05-15,69.45,-133.04,92,90,268.15,6.2
11,longyearbyen,SJ,2020-05-15,78.22,15.64,74,75,276.15,10.8
12,east london,ZA,2020-05-15,-33.02,27.91,66,40,285.15,0.5
13,khatanga,RU,2020-05-15,71.97,102.5,95,9,274.02,1.86
14,paris,FR,2020-05-15,48.85,2.35,70,0,280.93,5.7
15,saint-joseph,RE,2020-05-15,-21.37,55.62,47,17,300.15,1.0
16,sobolevo,RU,2020-05-15,54.43,31.9,64,17,280.12,5.07
17,margate,GB,2020-05-15,51.38,1.39,68,0,282.59,2.24
18,alice springs,AU,2020-05-15,-23.7,133.88,22,0,293.15,5.7
19,yangambi,CD,2020-05-15,0.81,24.43,83,100,296.93,0.5
20,jurm,AF,2020-05-15,36.86,70.83,29,0,291.24,0.62
21,purranque,CL,2020-05-15,-40.92,-73.17,93,100,287.15,3.1
22,albany,US,2020-05-15,42.6,-73.97,45,90,290.15,3.1
23,upernavik,GL,2020-05-15,72.79,-56.15,96,71,273.51,2.06
24,zhigansk,RU,2020-05-15,66.77,123.37,61,21,281.63,6.49
25,talnakh,RU,2020-05-15,69.49,88.4,55,20,276.15,6.0
26,cherskiy,RU,2020-05-15,68.75,161.3,62,0,279.48,4.17
27,sorland,NO,2020-05-15,67.67,12.69,69,40,276.15,8.2
28,atuona,PF,2020-05-15,-9.8,-139.03,76,14,300.59,6.18
29,iralaya,HN,2020-05-15,15.0,-83.23,83,52,299.88,4.21
30,norman wells,CA,2020-05-15,65.28,-126.83,63,75,272.15,6.2
31,szekesfehervar,HU,2020-05-15,47.19,18.41,62,96,285.93,4.92
32,rikitea,PF,2020-05-15,-23.12,-134.97,82,7,297.38,8.02
33,bilibino,RU,2020-05-15,68.05,166.44,82,13,275.08,3.01
34,port blair,IN,2020-05-15,11.67,92.75,73,95,303.34,5.13
35,hasaki,JP,2020-05-15,35.73,140.83,30,94,302.04,5.1
36,la sarre,CA,2020-05-15,48.8,-79.2,93,100,278.8,3.15
37,kungurtug,RU,2020-05-15,50.6,97.52,47,80,281.85,4.61
38,avarua,CK,2020-05-15,-21.21,-159.78,94,75,300.15,4.6
39,ilulissat,GL,2020-05-15,69.22,-51.1,86,24,274.15,2.3
40,severo-kurilsk,RU,2020-05-15,50.68,156.12,82,21,276.75,4.25
41,kloulklubed,PW,2020-05-15,7.04,134.26,79,90,302.15,4.1
42,huarmey,PE,2020-05-15,-10.07,-78.15,86,54,292.62,3.13
43,enshi,CN,2020-05-15,30.3,109.48,47,100,304.03,0.79
44,henties bay,NA,2020-05-15,-22.12,14.28,66,0,289.61,1.54
45,kaitangata,NZ,2020-05-15,-46.28,169.85,62,1,282.04,0.45
46,arraial do cabo,BR,2020-05-15,-22.97,-42.03,83,100,295.7,7.08
47,castro,BR,2020-05-15,-24.79,-50.01,95,99,285.29,3.48
48,bosaso,SO,2020-05-15,11.28,49.18,45,4,307.59,0.97
49,bonga,ET,2020-05-15,7.28,36.23,80,28,293.9,0.1
50,mindelo,CV,2020-05-15,16.89,-24.98,78,20,295.15,12.3
51,voh,NC,2020-05-15,-20.97,164.7,75,65,295.84,3.48
52,mahebourg,MU,2020-05-15,-20.41,57.7,73,20,298.15,3.1
53,qaanaaq,GL,2020-05-15,77.48,-69.36,91,100,274.02,0.82
54,george town,MY,2020-05-15,5.41,100.34,75,20,305.15,4.1
55,cape town,ZA,2020-05-15,-33.93,18.42,93,75,289.26,4.1
56,karasburg,NA,2020-05-15,-28.02,18.75,33,0,288.25,3.05
57,barabai,ID,2020-05-15,-2.58,115.38,59,44,306.42,0.93
58,caravelas,BR,2020-05-15,-17.71,-39.25,95,21,295.27,1.57
59,broken hill,AU,2020-05-15,-31.95,141.43,38,57,288.15,5.1
60,kruisfontein,ZA,2020-05-15,-34.0,24.73,73,22,285.82,4.35
61,kahului,US,2020-05-15,20.89,-156.47,65,40,300.15,6.7
62,matagami,CA,2020-05-15,49.75,-77.63,86,90,277.15,2.6
63,pombia,IT,2020-05-15,45.65,8.63,100,75,287.15,3.1
64,anchorage,US,2020-05-15,61.22,-149.9,61,75,286.15,0.82
65,ribeira grande,PT,2020-05-15,38.52,-28.7,93,88,290.46,1.71
66,puerto ayora,EC,2020-05-15,-0.74,-90.35,94,10,297.04,0.89
67,sao felix do xingu,BR,2020-05-15,-6.64,-51.99,91,85,294.95,0.54
68,chak,PK,2020-05-15,27.86,68.83,58,40,304.15,5.1
69,dikson,RU,2020-05-15,73.51,80.55,97,82,271.42,3.33
70,sterlibashevo,RU,2020-05-15,53.44,55.26,53,56,284.46,2.08
71,bethel,US,2020-05-15,41.37,-73.41,71,90,286.48,2.1
72,lata,PT,2020-05-15,40.16,-8.33,83,68,288.71,1.54
73,luganville,VU,2020-05-15,-15.53,167.17,69,40,300.15,2.1
74,logan,US,2020-05-15,41.74,-111.83,70,34,282.59,0.88
75,virginia beach,US,2020-05-15,36.85,-75.98,77,20,292.04,6.2
76,yellowknife,CA,2020-05-15,62.46,-114.35,53,75,270.15,4.6
77,clyde river,CA,2020-05-15,70.47,-68.59,78,1,264.15,3.1
78,asau,RO,2020-05-15,46.43,26.4,76,75,284.26,4.6
79,bathsheba,BB,2020-05-15,13.22,-59.52,74,40,300.15,8.2
80,yumaguzino,RU,2020-05-15,52.9,56.39,61,69,286.43,2.7
81,quesnel,CA,2020-05-15,53.0,-122.5,62,90,287.15,4.1
82,yulara,AU,2020-05-15,-25.24,130.99,22,1,293.15,5.7
83,belaya gora,RU,2020-05-15,68.53,146.42,70,96,280.32,2.7
84,blairmore,CA,2020-05-15,49.6,-114.44,87,90,281.48,2.6
85,mandalgovi,MN,2020-05-15,45.76,106.27,42,30,284.44,11.65
86,kirkuk,IQ,2020-05-15,35.47,44.39,21,0,303.91,4.99
87,port alfred,ZA,2020-05-15,-33.59,26.89,66,56,289.26,4.09
88,dakar,SN,2020-05-15,14.69,-17.44,94,0,294.15,3.1
89,kyakhta,RU,2020-05-15,50.35,106.45,86,100,275.57,8.17
90,provideniya,RU,2020-05-15,64.38,-173.3,60,64,279.15,7.0
91,maceio,BR,2020-05-15,-9.67,-35.74,94,40,298.15,1.5
92,alta floresta,BR,2020-05-15,-9.88,-56.09,97,100,294.31,1.15
93,lorengau,PG,2020-05-15,-2.02,147.27,77,92,302.32,5.98
94,maldonado,UY,2020-05-15,-34.67,-54.92,93,37,278.15,2.1
95,lagoa,PT,2020-05-15,39.05,-27.98,96,92,289.94,4.94
96,butterworth,MY,2020-05-15,5.4,100.36,75,20,305.15,4.1
97,faanui,PF,2020-05-15,-16.48,-151.75,73,13,300.86,4.1
98,hobart,AU,2020-05-15,-42.88,147.33,55,20,289.26,4.1
99,bluff,NZ,2020-05-15,-46.6,168.33,73,1,283.13,2.53
100,souillac,MU,2020-05-15,-20.52,57.52,73,20,298.15,3.1
101,misratah,LY,2020-05-15,32.38,15.09,19,0,302.1,7.91
102,moratuwa,LK,2020-05-15,6.77,79.88,100,40,300.15,1.5
103,kodiak,US,2020-05-15,57.79,-152.41,61,90,282.15,5.7
104,filadelfia,US,2020-05-15,39.95,-75.16,72,90,290.93,3.6
105,padang,ID,2020-05-15,-0.95,100.35,61,91,304.04,1.49
106,busselton,AU,2020-05-15,-33.65,115.33,50,48,294.26,6.34
107,grenfell,AU,2020-05-15,-33.9,148.17,52,0,288.06,2.31
108,laje,BR,2020-05-15,-10.18,-40.97,91,92,293.74,2.43
109,gizo,SB,2020-05-15,-8.1,156.84,69,20,302.48,1.05
110,ponta do sol,PT,2020-05-15,32.67,-17.1,67,40,290.15,7.2
111,nikolskoye,RU,2020-05-15,59.7,30.79,59,49,280.37,3.0
112,geraldton,AU,2020-05-15,-28.77,114.6,18,0,300.15,5.7
113,baykit,RU,2020-05-15,61.67,96.37,41,52,284.72,2.26
114,klyuchi,RU,2020-05-15,52.27,79.17,27,80,302.95,6.6
115,mamallapuram,IN,2020-05-15,12.63,80.17,63,40,307.15,2.6
116,kalmunai,LK,2020-05-15,7.42,81.82,60,92,305.37,2.3
117,new norfolk,AU,2020-05-15,-42.78,147.06,81,62,289.26,0.45
118,vaini,TO,2020-05-15,-21.2,-175.2,73,20,298.15,3.1
119,nanortalik,GL,2020-05-15,60.14,-45.24,81,100,277.84,1.68
120,san cristobal,VE,2020-05-15,7.77,-72.22,89,100,292.35,1.05
121,westport,US,2020-05-15,41.14,-73.36,76,75,287.15,2.1
122,sibolga,ID,2020-05-15,1.74,98.78,58,45,304.8,2.24
123,sioux lookout,CA,2020-05-15,50.1,-91.92,93,90,281.15,1.5
124,thiadiaye,SN,2020-05-15,14.42,-16.71,88,0,293.15,6.7
125,honningsvag,NO,2020-05-15,70.98,25.97,80,75,275.15,4.1
126,hermanus,ZA,2020-05-15,-34.42,19.23,93,20,287.04,0.89
127,hohhot,CN,2020-05-15,40.81,111.65,15,20,301.15,7.0
128,vaitape,PF,2020-05-15,-16.52,-151.75,72,12,301.34,4.13
129,chuy,UY,2020-05-15,-33.7,-53.46,83,12,279.61,2.6
130,harper,LR,2020-05-15,4.38,-7.72,86,23,299.62,1.47
131,pervomayskoye,RU,2020-05-15,43.92,46.71,42,54,292.36,2.25
132,yar-sale,RU,2020-05-15,66.83,70.83,80,100,277.63,8.05
133,port macquarie,AU,2020-05-15,-31.43,152.92,67,56,292.04,1.34
134,dunkirk,FR,2020-05-15,51.05,2.37,80,75,278.71,0.5
135,saint-pierre,RE,2020-05-15,-21.34,55.48,47,9,300.15,1.0
136,tasiilaq,GL,2020-05-15,65.61,-37.64,92,25,271.15,1.0
137,calabozo,VE,2020-05-15,8.92,-67.43,80,97,299.19,1.46
138,dingzhou,CN,2020-05-15,38.51,115.0,69,12,297.15,4.0
139,ukiah,US,2020-05-15,39.15,-123.21,76,20,286.15,1.44
140,palo alto,US,2020-05-15,37.44,-122.14,87,90,289.26,2.6
141,arman,RU,2020-05-15,59.7,150.17,66,43,279.75,2.9
142,namanyere,TZ,2020-05-15,-7.52,31.05,79,1,291.83,3.06
143,okato,NZ,2020-05-15,-39.2,173.88,73,100,286.48,1.79
144,soderhamn,SE,2020-05-15,61.3,17.06,78,58,277.04,2.79
145,sumbe,AO,2020-05-15,-11.21,13.84,83,26,298.06,1.58
146,krasnoselkup,RU,2020-05-15,65.7,82.47,47,94,283.29,6.12
147,kondinskoye,RU,2020-05-15,59.65,67.41,87,100,285.69,5.63
148,mokobeng,BW,2020-05-15,-23.0,27.67,79,0,287.05,2.64
149,airai,TL,2020-05-15,-8.93,125.41,95,59,293.72,1.81
150,hualmay,PE,2020-05-15,-11.1,-77.61,86,66,292.15,3.61
151,ugoofaaru,MV,2020-05-15,5.67,73.0,77,79,302.34,8.57
152,sedro-woolley,US,2020-05-15,48.5,-122.24,87,40,283.15,1.01
153,urucara,BR,2020-05-15,-2.54,-57.76,96,98,296.33,0.43
154,zwedru,LR,2020-05-15,6.07,-8.13,98,97,296.14,0.64
155,batticaloa,LK,2020-05-15,7.71,81.69,64,66,305.12,3.19
156,port elizabeth,ZA,2020-05-15,-33.92,25.57,87,28,287.15,3.6
157,russell,US,2020-05-15,32.35,-85.2,72,1,295.15,2.1
158,port lincoln,AU,2020-05-15,-34.73,135.87,51,0,288.34,3.1
159,koslan,RU,2020-05-15,63.46,48.9,73,93,279.46,3.0
160,alofi,NU,2020-05-15,-19.06,-169.92,94,16,298.15,1.5
161,shingu,JP,2020-05-15,33.73,135.98,60,75,295.15,6.7
162,saldanha,ZA,2020-05-15,-33.01,17.94,87,19,284.15,1.5
163,nuuk,GL,2020-05-15,64.18,-51.72,87,64,273.15,1.5
164,richards bay,ZA,2020-05-15,-28.78,32.04,69,0,290.68,3.89
165,launceston,AU,2020-05-15,-41.45,147.17,71,9,286.15,7.7
166,codrington,AU,2020-05-15,-38.27,141.97,55,0,287.27,0.32
167,shache,CN,2020-05-15,38.42,77.24,35,100,295.37,14.26
168,ekibastuz,KZ,2020-05-15,51.67,75.37,64,100,290.01,8.68
169,hami,CN,2020-05-15,42.8,93.45,14,0,303.12,1.69
170,parnamirim,BR,2020-05-15,-5.92,-35.26,100,75,297.15,1.5
171,bengkulu,ID,2020-05-15,-3.8,102.27,64,59,303.45,3.25
172,quatre cocos,MU,2020-05-15,-20.21,57.76,73,20,299.82,3.1
173,mehamn,NO,2020-05-15,71.04,27.85,80,40,275.15,7.2
174,brae,GB,2020-05-15,60.4,-1.35,87,93,279.15,0.5
175,hervey bay,AU,2020-05-15,-25.3,152.85,63,2,295.37,4.02
176,cap malheureux,MU,2020-05-15,-19.98,57.61,64,3,299.82,3.58
177,nouadhibou,MR,2020-05-15,20.93,-17.03,82,0,291.15,7.7
178,pisco,PE,2020-05-15,-13.7,-76.22,88,97,291.15,5.7
179,hithadhoo,MV,2020-05-15,-0.6,73.08,72,98,302.3,12.12
180,pacific grove,US,2020-05-15,36.62,-121.92,82,75,289.15,2.1
181,tautira,PF,2020-05-15,-17.73,-149.15,74,40,300.15,1.5
182,idlib,SY,2020-05-15,35.93,36.63,53,0,296.15,1.0
183,takaka,NZ,2020-05-15,-40.85,172.8,83,97,286.48,0.89
184,iqaluit,CA,2020-05-15,63.75,-68.51,79,5,269.15,1.0
185,sijunjung,ID,2020-05-15,-0.69,100.95,68,97,302.68,0.48
186,neiafu,TO,2020-05-15,-18.65,-173.98,83,20,299.15,4.06
187,casino,AU,2020-05-15,-28.87,153.05,40,10,295.15,4.1
188,faya,SA,2020-05-15,18.39,42.45,33,31,297.15,2.32
189,deputatskiy,RU,2020-05-15,69.3,139.9,100,100,274.01,0.78
190,granada,ES,2020-05-15,37.25,-3.25,93,75,282.04,1.0
191,caraquet,CA,2020-05-15,47.79,-64.94,51,1,277.15,2.1
192,carlos antonio lopez,PY,2020-05-15,-26.4,-54.77,92,0,280.81,1.21
193,bima,ID,2020-05-15,-8.47,118.72,60,100,304.63,3.04
194,salalah,OM,2020-05-15,17.02,54.09,70,20,304.15,1.0
195,hoquiam,US,2020-05-15,46.98,-123.89,81,1,285.15,1.5
196,saint-philippe,RE,2020-05-15,-21.36,55.77,47,24,300.15,1.0
197,araouane,ML,2020-05-15,18.9,-3.53,17,0,301.51,4.44
198,kovur,IN,2020-05-15,14.48,79.98,41,70,309.63,5.27
199,ghanzi,BW,2020-05-15,-21.57,21.78,34,0,287.22,3.31
200,lebu,CL,2020-05-15,-37.62,-73.65,97,93,287.2,2.36
201,olafsvik,IS,2020-05-15,64.89,-23.71,71,82,277.31,8.28
202,sorochinsk,RU,2020-05-15,52.43,53.16,49,35,286.96,0.57
203,lovington,US,2020-05-15,32.94,-103.35,19,1,294.82,2.1
204,popesti,RO,2020-05-15,47.23,22.42,76,100,284.26,4.6
205,san andres,CO,2020-05-15,12.58,-81.7,83,40,301.15,3.1
206,bonavista,CA,2020-05-15,48.65,-53.11,98,98,273.38,4.95
207,aksha,RU,2020-05-15,50.28,113.29,22,93,297.74,3.87
208,guerrero negro,MX,2020-05-15,27.98,-114.06,81,39,290.63,9.06
209,pula,HR,2020-05-15,44.87,13.85,82,20,291.15,3.6
210,torbay,CA,2020-05-15,47.67,-52.73,97,90,274.82,5.7
211,saint-augustin,CA,2020-05-15,51.23,-58.65,82,90,275.63,6.56
212,san patricio,MX,2020-05-15,19.22,-104.7,69,3,294.5,1.65
213,catamarca,AR,2020-05-15,-28.47,-65.79,75,16,285.37,3.7
214,rabo de peixe,PT,2020-05-15,37.8,-25.58,81,20,285.15,1.5
215,mecca,SA,2020-05-15,21.43,39.83,25,0,308.33,2.32
216,tual,ID,2020-05-15,-5.67,132.75,78,8,302.13,7.11
217,sao joao da barra,BR,2020-05-15,-21.64,-41.05,91,100,294.61,4.14
218,olginskaya,RU,2020-05-15,47.19,39.95,82,40,289.15,7.0
219,tsevie,TG,2020-05-15,6.43,1.21,88,20,300.15,0.5
220,wattegama,LK,2020-05-15,6.8,81.48,62,83,305.91,0.68
221,pangkalanbuun,ID,2020-05-15,-2.68,111.62,97,100,298.38,1.16
222,qaqortoq,GL,2020-05-15,60.72,-46.03,31,86,283.15,6.7
223,northam,GB,2020-05-15,51.03,-4.22,80,0,280.93,3.13
224,rundu,NA,2020-05-15,-17.93,19.77,66,0,282.15,1.0
225,haines junction,CA,2020-05-15,60.75,-137.51,62,60,281.44,1.79
226,esperance,AU,2020-05-15,-33.87,121.9,18,0,300.15,7.7
227,sai buri,TH,2020-05-15,6.7,101.62,70,20,305.15,4.6
228,palmer,US,2020-05-15,42.16,-72.33,87,90,285.37,2.1
229,comodoro rivadavia,AR,2020-05-15,-45.87,-67.5,66,71,284.15,6.2
230,vestmanna,FO,2020-05-15,62.16,-7.17,60,59,277.15,2.1
231,japura,ID,2020-05-15,-0.32,102.35,54,99,306.75,1.55
232,flin flon,CA,2020-05-15,54.77,-101.86,91,34,270.65,2.13
233,liverpool,GB,2020-05-15,53.41,-2.98,81,31,283.15,3.1
234,berezovyy,RU,2020-05-15,51.67,135.7,62,94,286.69,1.32
235,praia da vitoria,PT,2020-05-15,38.73,-27.07,93,75,289.15,4.67
236,isangel,VU,2020-05-15,-19.55,169.27,67,6,296.58,2.08
237,gazojak,TM,2020-05-15,41.19,61.4,24,73,298.73,5.19
238,makakilo city,US,2020-05-15,21.35,-158.09,69,1,299.15,3.1
239,jiexiu,CN,2020-05-15,37.02,111.91,21,11,302.99,6.43
240,yaan,NG,2020-05-15,7.38,8.57,85,97,298.77,3.1
241,kavaratti,IN,2020-05-15,10.57,72.64,66,40,305.15,6.2
242,camana,PE,2020-05-15,-16.62,-72.71,79,55,291.18,3.59
243,kavieng,PG,2020-05-15,-2.57,150.8,75,98,301.42,2.82
244,westerland,DE,2020-05-15,54.91,8.3,81,78,282.15,8.7
245,lamu,KE,2020-05-15,-2.27,40.9,85,56,300.54,5.53
246,pundaguitan,PH,2020-05-15,6.37,126.17,71,46,302.63,3.41
247,hoima,UG,2020-05-15,1.44,31.34,87,10,294.72,1.1
248,ahipara,NZ,2020-05-15,-35.17,173.17,78,93,288.53,3.37
249,codajas,BR,2020-05-15,-3.84,-62.06,97,48,295.7,0.57
250,panji,ID,2020-05-15,-7.73,114.1,54,87,305.58,3.23
251,carndonagh,IE,2020-05-15,55.25,-7.27,81,100,281.1,3.75
252,thompson,CA,2020-05-15,55.74,-97.86,92,40,269.15,1.0
253,homer,US,2020-05-15,59.64,-151.55,70,40,282.15,4.1
254,mount gambier,AU,2020-05-15,-37.83,140.77,54,90,287.15,2.6
255,ayagoz,KZ,2020-05-15,47.97,80.44,47,96,296.41,10.73
256,grand gaube,MU,2020-05-15,-20.01,57.66,64,5,299.82,3.13
257,klaksvik,FO,2020-05-15,62.23,-6.59,60,36,277.15,2.1
258,dingle,PH,2020-05-15,11.0,122.67,58,100,306.38,5.17
259,suba,PH,2020-05-15,10.84,121.01,74,98,303.12,5.25
260,mangrol,IN,2020-05-15,21.12,70.12,51,1,305.24,5.24
261,najran,SA,2020-05-15,17.49,44.13,24,5,301.15,1.5
262,huilong,CN,2020-05-15,31.81,121.66,69,100,307.04,0.45
263,kysyl-syr,RU,2020-05-15,63.9,122.76,77,100,281.06,4.76
264,sitka,US,2020-05-15,57.05,-135.33,71,40,284.15,0.34
265,victoria,HK,2020-05-15,22.29,114.16,59,74,304.82,5.81
266,hambantota,LK,2020-05-15,6.12,81.12,72,71,303.72,5.82
267,jungapeo,MX,2020-05-15,19.45,-100.48,44,2,289.82,1.54
268,guican,CO,2020-05-15,6.46,-72.41,79,100,281.85,1.58
269,tommot,RU,2020-05-15,58.96,126.29,45,77,287.72,2.11
270,new london,US,2020-05-15,41.36,-72.1,93,90,284.82,2.6
271,caxias,PT,2020-05-15,38.7,-9.28,93,20,285.93,3.1
272,lucea,JM,2020-05-15,18.45,-78.17,83,20,299.15,0.5
273,ust-kut,RU,2020-05-15,56.79,105.77,40,5,284.52,4.7
274,turkistan,KZ,2020-05-15,43.0,68.0,36,90,296.58,1.59
275,saint anthony,US,2020-05-15,45.02,-93.22,47,1,288.15,3.6
276,great malvern,GB,2020-05-15,52.11,-2.33,88,0,277.59,2.19
277,jalu,LY,2020-05-15,29.03,21.55,14,0,300.9,2.71
278,batemans bay,AU,2020-05-15,-35.72,150.18,63,0,288.15,2.03
279,hobyo,SO,2020-05-15,5.35,48.53,63,2,303.56,8.13
280,tumut,AU,2020-05-15,-35.3,148.22,64,0,287.15,0.84
281,kisangani,CD,2020-05-15,0.52,25.2,85,66,297.15,0.78
282,chilliwack,CA,2020-05-15,49.17,-121.94,81,75,285.15,2.1
283,kidal,ML,2020-05-15,18.44,1.41,21,20,303.9,3.43
284,rocha,UY,2020-05-15,-34.48,-54.33,78,37,278.8,2.79
285,georgetown,MY,2020-05-15,5.41,100.34,75,20,305.15,4.1
286,raahe,FI,2020-05-15,64.68,24.48,64,5,279.82,4.6
287,kabale,UG,2020-05-15,-1.25,29.99,79,21,291.7,0.62
288,pevek,RU,2020-05-15,69.7,170.31,86,0,274.44,2.15
289,anadyr,RU,2020-05-15,64.75,177.48,64,40,276.15,7.0
290,namatanai,PG,2020-05-15,-3.67,152.43,77,89,301.42,2.92
291,mwinilunga,ZM,2020-05-15,-11.74,24.43,54,0,288.76,1.96
292,sabang,ID,2020-05-15,5.89,95.32,72,74,302.26,1.16
293,acapulco,MX,2020-05-15,16.86,-99.89,88,5,299.15,1.5
294,haghartsin,AM,2020-05-15,40.78,44.97,50,3,292.0,0.1
295,traverse city,US,2020-05-15,44.76,-85.62,81,40,285.15,1.65
296,udachnyy,RU,2020-05-15,66.42,112.4,60,90,277.15,5.0
297,saint george,US,2020-05-15,37.1,-113.58,24,1,292.59,3.1
298,katsuura,JP,2020-05-15,35.13,140.3,52,98,299.82,2.24
299,nador,MA,2020-05-15,35.17,-2.93,87,100,287.15,4.1
300,impfondo,CG,2020-05-15,1.64,18.07,87,98,297.36,0.21
301,nichinan,JP,2020-05-15,31.6,131.37,73,75,296.15,4.1
302,atar,MR,2020-05-15,20.52,-13.05,24,0,295.43,5.79
303,komsomolskiy,UZ,2020-05-15,40.43,71.72,45,12,293.15,3.1
304,warrington,GB,2020-05-15,53.39,-2.58,81,27,283.15,3.1
305,bambous virieux,MU,2020-05-15,-20.34,57.76,73,20,299.82,3.1
306,bredasdorp,ZA,2020-05-15,-34.53,20.04,71,17,287.15,3.6
307,naze,JP,2020-05-15,28.37,129.48,83,75,299.15,6.7
308,katherine,AU,2020-05-15,-14.47,132.27,22,2,306.15,6.7
309,moanda,GA,2020-05-15,-1.56,13.22,100,40,295.15,1.0
310,zigong,CN,2020-05-15,29.34,104.78,42,0,303.41,2.71
311,concordia,AR,2020-05-15,-31.39,-58.02,95,0,279.26,2.31
312,balkhash,KZ,2020-05-15,46.84,74.98,72,75,290.15,7.0
313,jagdalpur,IN,2020-05-15,19.07,82.03,22,0,311.93,2.28
314,wukari,NG,2020-05-15,7.85,9.78,82,100,299.64,2.71
315,basco,PH,2020-05-15,20.45,121.97,81,70,302.04,6.19
316,ngawen,ID,2020-05-15,-7.0,111.31,61,100,304.35,2.76
317,ixtapa,MX,2020-05-15,20.7,-105.2,37,29,293.81,1.26
318,port keats,AU,2020-05-15,-14.25,129.55,46,19,305.37,2.2
319,coquimbo,CL,2020-05-15,-29.95,-71.34,87,5,284.15,2.6
320,yanaul,RU,2020-05-15,56.27,54.93,46,68,285.34,0.8
321,genhe,CN,2020-05-15,50.78,121.52,23,87,293.87,4.67
322,chipinge,ZW,2020-05-15,-20.19,32.62,85,47,288.16,0.87
323,leopold,AU,2020-05-15,-38.18,144.47,62,3,287.59,3.6
324,freeport,US,2020-05-15,40.66,-73.58,76,75,287.59,3.1
325,nelson bay,AU,2020-05-15,-32.72,152.15,82,90,289.15,5.7
326,krasnoarmeysk,RU,2020-05-15,51.02,45.7,65,100,283.71,1.79
327,betioky,MG,2020-05-15,-23.72,44.38,61,0,294.1,1.22
328,fort nelson,CA,2020-05-15,58.81,-122.7,74,75,274.15,1.0
329,fairbanks,US,2020-05-15,64.84,-147.72,19,75,286.15,4.6
330,champaign,US,2020-05-15,40.13,-88.2,77,1,292.15,6.7
331,kyren,RU,2020-05-15,51.68,102.14,47,76,281.87,3.26
332,sept-iles,CA,2020-05-15,50.2,-66.38,60,5,277.15,3.6
333,tagusao,PH,2020-05-15,9.19,117.81,70,21,303.74,1.93
334,beyneu,KZ,2020-05-15,45.32,55.2,48,40,294.69,3.69
335,saskylakh,RU,2020-05-15,71.92,114.08,98,64,273.1,1.85
336,mwaro,BI,2020-05-15,-3.5,29.67,89,68,290.27,1.72
337,vedeno,RU,2020-05-15,42.97,46.09,63,41,291.15,1.0
338,aleksandrov gay,RU,2020-05-15,50.15,48.57,51,67,287.81,4.92
339,todos santos,MX,2020-05-15,23.45,-110.22,84,0,289.26,0.89
340,rosetta,EG,2020-05-15,31.4,30.42,83,48,294.15,3.1
341,lagunas,PE,2020-05-15,-5.23,-75.68,91,0,296.43,0.18
342,falam,MM,2020-05-15,22.92,93.68,37,45,299.33,0.26
343,ayan,RU,2020-05-15,56.45,138.17,96,100,273.57,8.23
344,nongstoin,IN,2020-05-15,25.52,91.27,49,9,298.12,3.49
345,vestmannaeyjar,IS,2020-05-15,63.44,-20.27,87,99,281.07,4.37
346,mar del plata,AR,2020-05-15,-38.0,-57.56,81,88,284.26,8.2
347,sakakah,SA,2020-05-15,29.97,40.21,12,40,302.15,2.6
348,blackwater,AU,2020-05-15,-23.58,148.88,36,81,297.61,4.52
349,port hardy,CA,2020-05-15,50.7,-127.42,87,75,282.15,1.0
350,hovd,MN,2020-05-15,48.01,91.64,30,14,291.36,3.77
351,bara,NG,2020-05-15,10.37,10.73,54,85,303.07,5.92
352,beira,MZ,2020-05-15,-19.84,34.84,93,20,292.15,2.6
353,inirida,CO,2020-05-15,3.87,-67.92,97,27,296.45,0.63
354,ocean city,US,2020-05-15,39.28,-74.57,72,90,290.15,2.6
355,kissidougou,GN,2020-05-15,9.18,-10.1,95,98,295.43,0.22
356,paamiut,GL,2020-05-15,61.99,-49.67,56,100,280.95,6.38
357,tiksi,RU,2020-05-15,71.69,128.87,97,99,273.5,3.16
358,puquio,PE,2020-05-15,-14.7,-74.13,53,97,280.95,1.71
359,coevorden,NL,2020-05-15,52.66,6.74,86,0,279.82,0.45
360,santander,ES,2020-05-15,43.46,-3.8,100,90,287.59,4.45
361,kotovo,RU,2020-05-15,50.32,44.8,71,100,284.69,6.77
362,constantine,DZ,2020-05-15,36.37,6.61,87,100,286.15,1.5
363,santo tomas,PH,2020-05-15,14.11,121.14,88,90,302.04,5.7
364,neustadt,DE,2020-05-15,49.71,12.09,75,1,280.93,3.52
365,narsaq,GL,2020-05-15,60.92,-46.05,31,94,283.15,6.7
366,tianpeng,CN,2020-05-15,30.99,103.94,1,95,305.37,2.56
367,shakawe,BW,2020-05-15,-18.37,21.85,36,0,287.27,2.11
368,sambava,MG,2020-05-15,-14.27,50.17,67,1,299.36,1.63
369,barrow,US,2020-05-15,71.29,-156.79,92,90,268.15,5.7
370,pucallpa,PE,2020-05-15,-8.38,-74.55,95,1,295.71,0.31
371,tessalit,ML,2020-05-15,20.2,1.01,21,4,301.69,3.66
372,areka,ET,2020-05-15,7.07,37.7,74,7,293.91,1.12
373,tres arroyos,AR,2020-05-15,-38.37,-60.28,56,100,285.14,8.88
374,berdigestyakh,RU,2020-05-15,62.1,126.7,44,31,287.37,4.93
375,chumikan,RU,2020-05-15,54.72,135.31,94,100,273.98,6.51
376,sitio novo do tocantins,BR,2020-05-15,-5.52,-47.46,88,20,299.15,0.67
377,mandal,IN,2020-05-15,25.45,74.57,15,0,311.89,3.1
378,moree,AU,2020-05-15,-29.47,149.85,35,75,295.15,2.97
379,sehithwa,BW,2020-05-15,-20.47,22.72,50,0,287.73,2.73
380,almeirim,BR,2020-05-15,-1.52,-52.58,96,82,296.44,0.92
381,robat karim,IR,2020-05-15,35.48,51.08,37,0,293.15,3.1
382,barinitas,VE,2020-05-15,8.76,-70.41,86,90,294.65,1.26
383,athabasca,CA,2020-05-15,54.72,-113.29,75,21,274.24,1.84
384,morant bay,JM,2020-05-15,17.88,-76.41,74,20,301.15,6.7
385,poum,NC,2020-05-15,-20.23,164.02,70,17,296.75,3.83
386,puerto del rosario,ES,2020-05-15,28.5,-13.86,59,20,292.15,5.1
387,rafai,CF,2020-05-15,4.95,23.92,98,100,294.78,2.46
388,ponta delgada,PT,2020-05-15,37.73,-25.67,81,20,285.15,1.5
389,tuatapere,NZ,2020-05-15,-46.13,167.68,77,1,281.37,1.42
390,tromso,NO,2020-05-15,69.65,18.96,96,90,273.15,6.7
391,lazarev,RU,2020-05-15,52.23,141.51,97,100,275.78,7.98
392,luderitz,NA,2020-05-15,-26.65,15.16,100,0,284.15,2.1
393,tura,IN,2020-05-15,25.52,90.22,36,5,307.84,2.52
394,kawalu,ID,2020-05-15,-7.38,108.21,67,86,302.08,2.46
395,baghdad,IQ,2020-05-15,33.34,44.4,30,16,302.15,4.6
396,ilhabela,BR,2020-05-15,-23.78,-45.36,84,100,292.96,3.05
397,sivaki,RU,2020-05-15,52.63,126.75,32,56,289.09,2.74
398,jamame,SO,2020-05-15,0.07,42.75,73,37,302.57,4.46
399,whitianga,NZ,2020-05-15,-36.83,175.7,76,100,288.15,0.89
400,tulum,MX,2020-05-15,20.22,-87.47,91,2,298.0,2.15
401,eyl,SO,2020-05-15,7.98,49.82,56,62,305.22,7.9
402,vanimo,PG,2020-05-15,-2.67,141.3,67,36,303.11,3.19
403,hofn,IS,2020-05-15,64.25,-15.21,68,53,276.78,6.49
404,avera,US,2020-05-15,33.19,-82.53,100,1,291.15,2.1
405,los llanos de aridane,ES,2020-05-15,28.66,-17.92,52,20,291.15,3.1
406,cayenne,GF,2020-05-15,4.93,-52.33,100,100,298.15,4.34
407,inta,RU,2020-05-15,66.03,60.17,98,100,273.77,5.92
408,vardo,NO,2020-05-15,70.37,31.11,86,75,274.15,14.4
409,isiolo,KE,2020-05-15,0.35,37.58,61,58,296.91,1.99
410,ouegoa,NC,2020-05-15,-20.35,164.43,64,38,296.39,0.18
411,cabo san lucas,MX,2020-05-15,22.89,-109.91,41,0,296.48,7.42
412,kuito,AO,2020-05-15,-12.38,16.93,61,0,286.25,1.33
413,bac lieu,VN,2020-05-15,9.29,105.72,53,12,306.4,5.42
414,ntcheu,MW,2020-05-15,-14.82,34.64,50,0,291.26,4.05
415,thinadhoo,MV,2020-05-15,0.53,72.93,79,100,301.83,15.53
416,thanh hoa,VN,2020-05-15,19.8,105.77,55,10,307.82,5.02
417,umm kaddadah,SD,2020-05-15,13.6,26.69,9,11,305.78,6.26
418,sabancuy,MX,2020-05-15,18.97,-91.18,84,39,300.36,3.17
419,santa cruz,BO,2020-05-15,-17.8,-63.17,72,90,292.15,3.6
420,redwater,US,2020-05-15,33.36,-94.25,83,1,295.15,6.2
421,mnogovershinnyy,RU,2020-05-15,53.94,139.92,96,100,278.8,1.97
422,gunjur,GM,2020-05-15,13.2,-16.73,81,4,294.68,3.68
423,yauya,PE,2020-05-15,-8.98,-77.3,81,73,281.42,1.14
424,asfi,MA,2020-05-15,32.3,-9.24,78,86,290.39,7.47
425,san dionisio del mar,MX,2020-05-15,16.33,-94.75,75,32,302.18,2.83
426,edd,ER,2020-05-15,13.93,41.69,29,35,309.39,3.56
427,tigil,RU,2020-05-15,57.8,158.67,55,76,282.07,6.41
428,asmara,ER,2020-05-15,15.33,38.93,38,36,296.3,0.82
429,abu samrah,SY,2020-05-15,35.3,37.18,23,0,301.46,1.65
430,amapa,BR,2020-05-15,1.0,-52.0,99,100,294.83,0.83
431,morgan city,US,2020-05-15,29.7,-91.21,94,90,294.15,4.6
432,half moon bay,US,2020-05-15,37.46,-122.43,93,90,289.15,2.1
433,praya,CV,2020-05-15,14.92,-23.51,78,20,295.15,9.8
434,san felipe,VE,2020-05-15,10.34,-68.74,92,82,295.32,0.56
435,mackay,AU,2020-05-15,-21.15,149.2,69,13,298.15,8.2
436,saryozek,KZ,2020-05-15,44.36,77.98,66,100,287.97,1.37
437,sibut,CF,2020-05-15,5.72,19.07,88,92,297.03,3.05
438,guaruja,BR,2020-05-15,-23.99,-46.26,93,90,289.15,5.1
439,ndola,ZM,2020-05-15,-12.96,28.64,53,0,290.54,3.6
440,narasannapeta,IN,2020-05-15,18.42,84.05,43,11,308.48,4.26
441,yantzaza,EC,2020-05-15,-3.83,-78.76,84,29,292.17,0.47
442,aranos,NA,2020-05-15,-24.13,19.12,34,0,288.15,4.76
443,yuancheng,CN,2020-05-15,36.65,107.79,16,29,300.32,3.88
444,imbituba,BR,2020-05-15,-28.24,-48.67,76,0,286.15,2.6
445,syumsi,RU,2020-05-15,57.11,51.61,46,91,286.11,3.79
446,prokopion,GR,2020-05-15,38.73,23.48,60,20,297.04,0.54
447,belchatow,PL,2020-05-15,51.37,19.36,88,13,282.04,25.03
448,sfantu gheorghe,RO,2020-05-15,45.87,25.78,70,100,287.59,1.79
449,bull savanna,JM,2020-05-15,17.89,-77.59,88,12,297.19,4.19
450,aswan,EG,2020-05-15,24.09,32.91,16,40,308.69,5.48
451,marzuq,YE,2020-05-15,14.4,46.47,18,1,304.12,1.87
452,agadez,NE,2020-05-15,19.75,10.25,11,0,301.21,2.74
453,tra vinh,VN,2020-05-15,9.93,106.35,47,45,307.89,3.94
454,el rosario,MX,2020-05-15,24.26,-107.18,94,0,294.26,0.45
455,tigzirt,DZ,2020-05-15,36.89,4.12,63,48,290.85,3.11
456,goderich,CA,2020-05-15,43.75,-81.72,95,98,287.59,0.45
457,chokurdakh,RU,2020-05-15,70.63,147.92,97,98,271.72,4.12
458,shimoda,JP,2020-05-15,34.67,138.95,64,75,296.48,7.2
459,muros,ES,2020-05-15,42.78,-9.06,81,94,287.04,2.24
460,niquero,CU,2020-05-15,20.04,-77.58,79,4,298.98,4.64
461,conceicao da barra,BR,2020-05-15,-18.59,-39.73,96,3,294.1,1.79
462,aksarka,RU,2020-05-15,66.56,67.8,70,100,279.66,8.35
463,waddan,LY,2020-05-15,29.16,16.14,13,0,303.24,4.06
464,bacungan,PH,2020-05-15,9.91,118.7,59,20,307.15,5.1
465,kopayhorod,UA,2020-05-15,48.86,27.8,63,81,283.71,0.89
466,san carlos,VE,2020-05-15,9.66,-68.58,88,98,297.14,1.03
467,labuhan,ID,2020-05-15,-6.88,112.21,67,96,303.4,2.52
468,nome,US,2020-05-15,64.5,-165.41,32,1,286.15,4.6
469,buenos aires,AR,2020-05-15,-34.61,-58.38,76,18,285.93,4.6
470,marseille,FR,2020-05-15,43.33,5.5,87,75,288.71,1.5
471,havelock,US,2020-05-15,34.88,-76.9,90,8,293.71,3.88
472,tamiahua,MX,2020-05-15,21.27,-97.45,94,3,299.13,2.38
473,bouca,CF,2020-05-15,6.51,18.27,77,85,298.52,3.26
474,zyryanovsk,KZ,2020-05-15,49.74,84.27,34,12,299.57,1.18
475,okrika,NG,2020-05-15,4.74,7.08,85,99,299.94,0.82
476,hamilton,US,2020-05-15,39.18,-84.53,56,75,294.15,3.6
477,dongsheng,CN,2020-05-15,39.82,109.98,16,96,298.51,9.02
478,natalio,PY,2020-05-15,-26.72,-55.08,92,0,280.31,0.79
479,kodinsk,RU,2020-05-15,58.69,99.18,40,55,284.78,1.74
480,tamandare,BR,2020-05-15,-8.76,-35.1,87,20,298.61,3.22
481,george,ZA,2020-05-15,-33.96,22.46,76,20,287.15,5.7
482,victor harbor,AU,2020-05-15,-35.57,138.62,66,0,287.04,1.54
483,plainview,US,2020-05-15,40.78,-73.47,82,90,287.59,2.6
484,nanga eboko,CM,2020-05-15,4.68,12.37,98,100,294.93,0.77
485,bayshore gardens,US,2020-05-15,27.43,-82.59,78,1,295.37,3.6
486,raton,US,2020-05-15,36.9,-104.44,29,1,290.15,7.7
487,broome,US,2020-05-15,42.25,-75.83,93,90,286.48,3.1
488,prado,BR,2020-05-15,-17.34,-39.22,94,37,295.49,1.95
489,rakovski,BG,2020-05-15,42.3,24.97,82,75,294.26,1.0
490,ornskoldsvik,SE,2020-05-15,63.29,18.72,59,0,275.15,6.2
491,grand-santi,GF,2020-05-15,4.25,-54.38,97,100,295.44,0.48
492,malakal,SS,2020-05-15,9.53,31.66,54,27,303.09,3.4
493,port hedland,AU,2020-05-15,-20.32,118.57,20,50,303.15,5.7
494,itoman,JP,2020-05-15,26.12,127.67,79,40,302.15,7.7
495,suntar,RU,2020-05-15,62.14,117.63,60,100,284.37,4.17
496,randazzo,IT,2020-05-15,37.88,14.95,45,99,296.48,0.43
497,big rapids,US,2020-05-15,43.7,-85.48,93,90,287.15,2.1
498,flinders,AU,2020-05-15,-34.58,150.86,68,78,289.26,2.24
499,ludvika,SE,2020-05-15,60.15,15.19,64,49,278.15,2.32
500,puri,IN,2020-05-15,19.8,85.85,47,20,308.15,5.7
501,merauke,ID,2020-05-15,-8.47,140.33,77,40,302.27,6.14
502,seka,TH,2020-05-15,17.93,103.96,42,8,312.04,2.96
503,college,US,2020-05-15,64.86,-147.8,22,75,286.15,5.7
504,nicoya,CR,2020-05-15,10.15,-85.45,86,32,295.37,4.92
505,gayeri,BF,2020-05-15,12.65,0.49,40,10,305.55,5.29
506,straumen,NO,2020-05-15,63.87,11.3,80,75,275.93,5.7
507,san alberto,CO,2020-05-15,7.76,-73.39,79,97,297.8,1.22
508,leningradskiy,RU,2020-05-15,69.38,178.42,96,17,271.83,0.53
509,dunedin,NZ,2020-05-15,-45.87,170.5,73,32,283.71,3.3
510,emerald,AU,2020-05-15,-23.53,148.17,28,82,300.15,3.1
511,houlton,US,2020-05-15,46.13,-67.84,80,1,273.71,0.79
512,nanhai,CN,2020-05-15,30.13,111.78,66,100,299.27,2.43
513,aykhal,RU,2020-05-15,66.0,111.5,60,90,277.15,5.0
514,san policarpo,PH,2020-05-15,12.18,125.51,78,100,302.58,7.24
515,nueva loja,EC,2020-05-15,0.08,-76.88,96,71,294.43,0.9
516,krishnarajasagara,IN,2020-05-15,12.41,76.58,58,40,303.15,1.5
517,vygonichi,RU,2020-05-15,53.1,34.07,65,3,281.15,6.0
518,buchanan,LR,2020-05-15,5.88,-10.05,94,75,298.15,2.1
519,taoudenni,ML,2020-05-15,22.68,-3.98,15,0,300.23,3.53
520,roma,US,2020-05-15,43.21,-75.46,93,90,285.37,2.6
521,camacha,PT,2020-05-15,33.08,-16.33,67,40,290.15,10.8
522,taksimo,RU,2020-05-15,56.34,114.88,43,65,283.87,1.13
523,baie-comeau,CA,2020-05-15,49.22,-68.15,59,1,274.15,2.6
524,mandurah,AU,2020-05-15,-32.55,115.7,67,0,295.93,3.66
525,berlevag,NO,2020-05-15,70.86,29.09,83,40,275.15,17.5
526,springbok,ZA,2020-05-15,-29.66,17.89,52,0,281.53,0.67
527,bhatkal,IN,2020-05-15,13.97,74.57,64,100,305.77,2.96
528,benguela,AO,2020-05-15,-12.58,13.41,76,0,298.04,1.14
529,beloha,MG,2020-05-15,-25.17,45.05,62,0,294.41,2.28
530,leshukonskoye,RU,2020-05-15,64.9,45.76,90,98,277.15,4.62
531,burnie,AU,2020-05-15,-41.07,145.92,71,54,286.48,3.13
532,portmore,JM,2020-05-15,17.97,-76.87,74,20,301.15,6.7
533,valparaiso,CL,2020-05-15,-33.04,-71.63,51,0,289.15,4.82
534,hay river,CA,2020-05-15,60.82,-115.8,68,75,271.15,1.0
535,yima,CN,2020-05-15,34.74,111.88,99,17,309.26,3.87
536,quelimane,MZ,2020-05-15,-17.88,36.89,83,40,295.15,3.6
537,lavrentiya,RU,2020-05-15,65.58,-171.0,96,0,272.98,3.97
538,adrar,MR,2020-05-15,20.5,-10.07,19,0,297.33,4.29
539,kuznetsk,RU,2020-05-15,53.12,46.6,80,100,282.05,7.33
540,le port,RE,2020-05-15,-20.94,55.29,65,90,300.15,3.1
541,dire,ML,2020-05-15,12.28,-10.97,59,99,301.65,1.1
542,sherlovaya gora,RU,2020-05-15,50.57,116.25,21,79,297.71,11.23
543,marsa matruh,EG,2020-05-15,31.35,27.25,77,75,293.15,2.6
544,ati,TD,2020-05-15,13.22,18.34,11,94,305.31,6.42
545,campo de criptana,ES,2020-05-15,39.4,-3.12,93,61,280.37,0.45
546,zima,RU,2020-05-15,53.92,102.04,45,90,282.91,6.13
547,juneau,US,2020-05-15,58.3,-134.42,81,90,285.37,5.1
548,lashio,MM,2020-05-15,22.93,97.75,37,73,304.26,1.54
549,rasulabad,IN,2020-05-15,26.75,80.48,50,0,308.15,4.47
550,ola,RU,2020-05-15,59.58,151.28,72,67,278.37,3.52
551,nantucket,US,2020-05-15,41.28,-70.1,81,90,284.82,4.6
552,palia kalan,IN,2020-05-15,28.45,80.58,17,0,314.34,1.53
553,tokur,RU,2020-05-15,53.13,132.9,46,75,283.81,4.55
554,kyrksaeterora,NO,2020-05-15,63.29,9.09,87,40,275.37,7.7
555,appleton,US,2020-05-15,44.26,-88.42,87,1,286.48,1.42
556,cocobeach,GA,2020-05-15,1.0,9.58,94,40,300.15,2.1
557,kostomuksha,RU,2020-05-15,64.57,30.58,67,18,277.2,4.5
558,frankfort,ZA,2020-05-15,-27.27,28.48,47,0,282.27,1.96
559,banda aceh,ID,2020-05-15,5.56,95.32,69,79,303.65,1.62
560,banjar,ID,2020-05-15,-8.19,114.97,84,20,303.15,7.2
561,mogadishu,SO,2020-05-15,2.04,45.34,70,40,302.15,5.1
562,calmar,CA,2020-05-15,53.27,-113.82,48,75,278.15,4.1
563,ambon,ID,2020-05-15,-3.7,128.18,62,40,305.15,2.6
564,bouna,CI,2020-05-15,9.27,-3.0,90,74,297.29,2.9
565,agadir,MA,2020-05-15,30.42,-9.6,93,75,288.15,3.6
566,ancud,CL,2020-05-15,-41.87,-73.82,100,90,288.15,7.7
567,taunggyi,MM,2020-05-15,20.78,97.03,31,21,302.88,3.48
